[
  {
    "event_id": "3855544",
    "source": "oeticket",
    "ticket_id": null,
    "section": null,
    "row": null,
    "price_with_fees": "€ 112,50",
    "price": "€ 114.00",
    "quantity": null,
    "url": "https://www.oeticket.com/artist/vienna-comic-con/viecc-vienna-comic-con-2025-tickets-3855544/",
    "multi_tickets": "3"
  },
  {
    "event_id": "3855544",
    "source": "oeticket",
    "ticket_id": null,
    "section": null,
    "row": null,
    "price_with_fees": "€ 312,50",
    "price": "€ 314.00",
    "quantity": null,
    "url": "https://www.oeticket.com/artist/vienna-comic-con/viecc-vienna-comic-con-2025-tickets-3855544/",
    "multi_tickets": "3"
  },
  {
    "event_id": "3855544",
    "source": "oeticket",
    "ticket_id": null,
    "section": null,
    "row": null,
    "price_with_fees": "€ 632,50",
    "price": "€ 634.00",
    "quantity": null,
    "url": "https://www.oeticket.com/artist/vienna-comic-con/viecc-vienna-comic-con-2025-tickets-3855544/",
    "multi_tickets": "3"
  },
  {
    "event_id": "1752253",
    "source": "oeticket",
    "ticket_id": "39328950",
    "section": null,
    "row": false,
    "price_with_fees": "€ 108.4",
    "price": "€ (109.4, 5)",
    "quantity": 8,
    "url": "https://www.oeticket.com/artist/spanische-hofreitschule/vorfuehrungen-spanische-hofreitschule-2025-1752253/",
    "multi_tickets": "11"
  },
  {
    "event_id": "1752253",
    "source": "oeticket",
    "ticket_id": "39328952",
    "section": null,
    "row": false,
    "price_with_fees": "€ 86.4",
    "price": "€ (87.4, 5)",
    "quantity": 8,
    "url": "https://www.oeticket.com/artist/spanische-hofreitschule/vorfuehrungen-spanische-hofreitschule-2025-1752253/",
    "multi_tickets": "11"
  },
  {
    "event_id": "1752253",
    "source": "oeticket",
    "ticket_id": "39328951",
    "section": null,
    "row": false,
    "price_with_fees": "€ 97.4",
    "price": "€ (98.4, 5)",
    "quantity": 8,
    "url": "https://www.oeticket.com/artist/spanische-hofreitschule/vorfuehrungen-spanische-hofreitschule-2025-1752253/",
    "multi_tickets": "11"
  },
  {
    "event_id": "1752253",
    "source": "oeticket",
    "ticket_id": "39328954",
    "section": null,
    "row": false,
    "price_with_fees": "€ 61.1",
    "price": "€ (62.1, 5)",
    "quantity": 8,
    "url": "https://www.oeticket.com/artist/spanische-hofreitschule/vorfuehrungen-spanische-hofreitschule-2025-1752253/",
    "multi_tickets": "11"
  },
  {
    "event_id": "1752253",
    "source": "oeticket",
    "ticket_id": "39328953",
    "section": null,
    "row": false,
    "price_with_fees": "€ 72.1",
    "price": "€ (73.1, 5)",
    "quantity": 8,
    "url": "https://www.oeticket.com/artist/spanische-hofreitschule/vorfuehrungen-spanische-hofreitschule-2025-1752253/",
    "multi_tickets": "11"
  },
  {
    "event_id": "1752253",
    "source": "oeticket",
    "ticket_id": "39328956",
    "section": null,
    "row": false,
    "price_with_fees": "€ 51.2",
    "price": "€ (52.2, 5)",
    "quantity": 8,
    "url": "https://www.oeticket.com/artist/spanische-hofreitschule/vorfuehrungen-spanische-hofreitschule-2025-1752253/",
    "multi_tickets": "11"
  },
  {
    "event_id": "1752253",
    "source": "oeticket",
    "ticket_id": "39328955",
    "section": null,
    "row": false,
    "price_with_fees": "€ 56.7",
    "price": "€ (57.7, 5)",
    "quantity": 2,
    "url": "https://www.oeticket.com/artist/spanische-hofreitschule/vorfuehrungen-spanische-hofreitschule-2025-1752253/",
    "multi_tickets": "11"
  },
  {
    "event_id": "1752253",
    "source": "oeticket",
    "ticket_id": "39328958",
    "section": null,
    "row": false,
    "price_with_fees": "€ 32.5",
    "price": "€ (33.5, 5)",
    "quantity": 8,
    "url": "https://www.oeticket.com/artist/spanische-hofreitschule/vorfuehrungen-spanische-hofreitschule-2025-1752253/",
    "multi_tickets": "11"
  },
  {
    "event_id": "1752253",
    "source": "oeticket",
    "ticket_id": "39328957",
    "section": null,
    "row": false,
    "price_with_fees": "€ 35.8",
    "price": "€ (36.8, 5)",
    "quantity": 8,
    "url": "https://www.oeticket.com/artist/spanische-hofreitschule/vorfuehrungen-spanische-hofreitschule-2025-1752253/",
    "multi_tickets": "11"
  },
  {
    "event_id": "1752253",
    "source": "oeticket",
    "ticket_id": "39328949",
    "section": null,
    "row": false,
    "price_with_fees": "€ 124.9",
    "price": "€ (125.9, 5)",
    "quantity": 8,
    "url": "https://www.oeticket.com/artist/spanische-hofreitschule/vorfuehrungen-spanische-hofreitschule-2025-1752253/",
    "multi_tickets": "11"
  },
  {
    "event_id": "1752253",
    "source": "oeticket",
    "ticket_id": "39328959",
    "section": null,
    "row": false,
    "price_with_fees": "€ 32.5",
    "price": "€ (33.5, 5)",
    "quantity": 8,
    "url": "https://www.oeticket.com/artist/spanische-hofreitschule/vorfuehrungen-spanische-hofreitschule-2025-1752253/",
    "multi_tickets": "11"
  },
  {
    "event_id": "3732845",
    "source": "oeticket",
    "ticket_id": null,
    "section": null,
    "row": null,
    "price_with_fees": "€ 122,50",
    "price": "€ 124.00",
    "quantity": null,
    "url": "https://www.oeticket.com/artist/vienna-comic-con/viecc-vienna-comic-con-2025-token-3732845/",
    "multi_tickets": "11"
  },
  {
    "event_id": "3732845",
    "source": "oeticket",
    "ticket_id": null,
    "section": null,
    "row": null,
    "price_with_fees": "€ 57,50",
    "price": "€ 59.00",
    "quantity": null,
    "url": "https://www.oeticket.com/artist/vienna-comic-con/viecc-vienna-comic-con-2025-token-3732845/",
    "multi_tickets": "11"
  },
  {
    "event_id": "3732845",
    "source": "oeticket",
    "ticket_id": null,
    "section": null,
    "row": null,
    "price_with_fees": "€ 40,50",
    "price": "€ 42.00",
    "quantity": null,
    "url": "https://www.oeticket.com/artist/vienna-comic-con/viecc-vienna-comic-con-2025-token-3732845/",
    "multi_tickets": "11"
  },
  {
    "event_id": "3732845",
    "source": "oeticket",
    "ticket_id": null,
    "section": null,
    "row": null,
    "price_with_fees": "€ 57,50",
    "price": "€ 59.00",
    "quantity": null,
    "url": "https://www.oeticket.com/artist/vienna-comic-con/viecc-vienna-comic-con-2025-token-3732845/",
    "multi_tickets": "11"
  },
  {
    "event_id": "3732845",
    "source": "oeticket",
    "ticket_id": null,
    "section": null,
    "row": null,
    "price_with_fees": "€ 52,50",
    "price": "€ 54.00",
    "quantity": null,
    "url": "https://www.oeticket.com/artist/vienna-comic-con/viecc-vienna-comic-con-2025-token-3732845/",
    "multi_tickets": "11"
  },
  {
    "event_id": "3732845",
    "source": "oeticket",
    "ticket_id": null,
    "section": null,
    "row": null,
    "price_with_fees": "€ 82,50",
    "price": "€ 84.00",
    "quantity": null,
    "url": "https://www.oeticket.com/artist/vienna-comic-con/viecc-vienna-comic-con-2025-token-3732845/",
    "multi_tickets": "11"
  },
  {
    "event_id": "3732845",
    "source": "oeticket",
    "ticket_id": null,
    "section": null,
    "row": null,
    "price_with_fees": "€ 52,50",
    "price": "€ 54.00",
    "quantity": null,
    "url": "https://www.oeticket.com/artist/vienna-comic-con/viecc-vienna-comic-con-2025-token-3732845/",
    "multi_tickets": "11"
  },
  {
    "event_id": "3732845",
    "source": "oeticket",
    "ticket_id": null,
    "section": null,
    "row": null,
    "price_with_fees": "€ 52,50",
    "price": "€ 54.00",
    "quantity": null,
    "url": "https://www.oeticket.com/artist/vienna-comic-con/viecc-vienna-comic-con-2025-token-3732845/",
    "multi_tickets": "11"
  },
  {
    "event_id": "3732845",
    "source": "oeticket",
    "ticket_id": null,
    "section": null,
    "row": null,
    "price_with_fees": "€ 52,50",
    "price": "€ 54.00",
    "quantity": null,
    "url": "https://www.oeticket.com/artist/vienna-comic-con/viecc-vienna-comic-con-2025-token-3732845/",
    "multi_tickets": "11"
  },
  {
    "event_id": "3732845",
    "source": "oeticket",
    "ticket_id": null,
    "section": null,
    "row": null,
    "price_with_fees": "€ 52,50",
    "price": "€ 54.00",
    "quantity": null,
    "url": "https://www.oeticket.com/artist/vienna-comic-con/viecc-vienna-comic-con-2025-token-3732845/",
    "multi_tickets": "11"
  },
  {
    "event_id": "3732845",
    "source": "oeticket",
    "ticket_id": null,
    "section": null,
    "row": null,
    "price_with_fees": "€ 52,50",
    "price": "€ 54.00",
    "quantity": null,
    "url": "https://www.oeticket.com/artist/vienna-comic-con/viecc-vienna-comic-con-2025-token-3732845/",
    "multi_tickets": "11"
  },
  {
    "event_id": "1404394",
    "source": "oeticket",
    "ticket_id": null,
    "section": null,
    "row": null,
    "price_with_fees": "€ 100,00",
    "price": "€ 101.50",
    "quantity": null,
    "url": "https://www.oeticket.com/eventseries/oeticket-wertgutschein-1404394/",
    "multi_tickets": "4"
  },
  {
    "event_id": "1404394",
    "source": "oeticket",
    "ticket_id": null,
    "section": null,
    "row": null,
    "price_with_fees": "€ 50,00",
    "price": "€ 51.50",
    "quantity": null,
    "url": "https://www.oeticket.com/eventseries/oeticket-wertgutschein-1404394/",
    "multi_tickets": "4"
  },
  {
    "event_id": "1404394",
    "source": "oeticket",
    "ticket_id": null,
    "section": null,
    "row": null,
    "price_with_fees": "€ 30,00",
    "price": "€ 31.50",
    "quantity": null,
    "url": "https://www.oeticket.com/eventseries/oeticket-wertgutschein-1404394/",
    "multi_tickets": "4"
  },
  {
    "event_id": "1404394",
    "source": "oeticket",
    "ticket_id": null,
    "section": null,
    "row": null,
    "price_with_fees": "€ 10,00",
    "price": "€ 11.50",
    "quantity": null,
    "url": "https://www.oeticket.com/eventseries/oeticket-wertgutschein-1404394/",
    "multi_tickets": "4"
  },
  {
    "event_id": "2716897",
    "source": "oeticket",
    "ticket_id": null,
    "section": null,
    "row": null,
    "price_with_fees": "€ 56,00",
    "price": "€ 57.50",
    "quantity": null,
    "url": "https://www.oeticket.com/eventseries/premium-upgrade-olympiahalle-innsbruck-2716897/",
    "multi_tickets": "1"
  },
  {
    "event_id": "3941670",
    "source": "oeticket",
    "ticket_id": "39991889",
    "section": null,
    "row": false,
    "price_with_fees": "€ 55.3",
    "price": "€ (56.3, 5)",
    "quantity": 1,
    "url": "https://www.oeticket.com/artist/viktor-gernot/radio-wien-klubkonzert-viktor-gernot-3941670/",
    "multi_tickets": "1"
  },
  {
    "event_id": "3692919",
    "source": "oeticket",
    "ticket_id": "39419240",
    "section": null,
    "row": false,
    "price_with_fees": "€ 28.9",
    "price": "€ (29.9, 5)",
    "quantity": 8,
    "url": "https://www.oeticket.com/artist/science-busters/science-busters-for-kids-3692919/",
    "multi_tickets": "1"
  },
  {
    "event_id": "3947744",
    "source": "oeticket",
    "ticket_id": null,
    "section": null,
    "row": null,
    "price_with_fees": "€ 20,00",
    "price": "€ 21.50",
    "quantity": null,
    "url": "https://www.oeticket.com/artist/die-draufgaenger/die-draufgaenger-kinderkonzert-3947744/",
    "multi_tickets": "1"
  },
  {
    "event_id": "3979005",
    "source": "oeticket",
    "ticket_id": null,
    "section": null,
    "row": null,
    "price_with_fees": "€ 31,50",
    "price": "€ 33.00",
    "quantity": null,
    "url": "https://www.oeticket.com/artist/wein-steiermark/junker-praesentation-2025-3979005/",
    "multi_tickets": "1"
  },
  {
    "event_id": "3449188",
    "source": "oeticket",
    "ticket_id": "37904654",
    "section": null,
    "row": false,
    "price_with_fees": "€ 20.0",
    "price": "€ (21.0, 5)",
    "quantity": 8,
    "url": "https://www.oeticket.com/artist/yakari-und-kleiner-donner/",
    "multi_tickets": "3"
  },
  {
    "event_id": "3449188",
    "source": "oeticket",
    "ticket_id": "37904652",
    "section": null,
    "row": false,
    "price_with_fees": "€ 40.5",
    "price": "€ (41.5, 5)",
    "quantity": 8,
    "url": "https://www.oeticket.com/artist/yakari-und-kleiner-donner/",
    "multi_tickets": "3"
  },
  {
    "event_id": "3449188",
    "source": "oeticket",
    "ticket_id": "37904653",
    "section": null,
    "row": false,
    "price_with_fees": "€ 30.5",
    "price": "€ (31.5, 5)",
    "quantity": 8,
    "url": "https://www.oeticket.com/artist/yakari-und-kleiner-donner/",
    "multi_tickets": "3"
  },
  {
    "event_id": "3779727",
    "source": "oeticket",
    "ticket_id": null,
    "section": null,
    "row": null,
    "price_with_fees": "€ 19,00",
    "price": "€ 20.50",
    "quantity": null,
    "url": "https://www.oeticket.com/artist/graz-tourismus/innenhoefe-mehr-rundgaenge-2025-3779727/",
    "multi_tickets": "3"
  },
  {
    "event_id": "3779727",
    "source": "oeticket",
    "ticket_id": null,
    "section": null,
    "row": null,
    "price_with_fees": "€ 15,00",
    "price": "€ 16.50",
    "quantity": null,
    "url": "https://www.oeticket.com/artist/graz-tourismus/innenhoefe-mehr-rundgaenge-2025-3779727/",
    "multi_tickets": "3"
  },
  {
    "event_id": "3779727",
    "source": "oeticket",
    "ticket_id": null,
    "section": null,
    "row": null,
    "price_with_fees": "€ 9,00",
    "price": "€ 10.50",
    "quantity": null,
    "url": "https://www.oeticket.com/artist/graz-tourismus/innenhoefe-mehr-rundgaenge-2025-3779727/",
    "multi_tickets": "3"
  },
  {
    "event_id": "3736448",
    "source": "oeticket",
    "ticket_id": null,
    "section": null,
    "row": null,
    "price_with_fees": "€ 40,50",
    "price": "€ 42.00",
    "quantity": null,
    "url": "https://www.oeticket.com/artist/heavysaurus/heavysaurus-pommesgabel-reload-tour-2025-3736448/",
    "multi_tickets": "3"
  },
  {
    "event_id": "3736448",
    "source": "oeticket",
    "ticket_id": null,
    "section": null,
    "row": null,
    "price_with_fees": "€ 36,50",
    "price": "€ 38.00",
    "quantity": null,
    "url": "https://www.oeticket.com/artist/heavysaurus/heavysaurus-pommesgabel-reload-tour-2025-3736448/",
    "multi_tickets": "3"
  },
  {
    "event_id": "3736448",
    "source": "oeticket",
    "ticket_id": null,
    "section": null,
    "row": null,
    "price_with_fees": "€ 33,25",
    "price": "€ 34.75",
    "quantity": null,
    "url": "https://www.oeticket.com/artist/heavysaurus/heavysaurus-pommesgabel-reload-tour-2025-3736448/",
    "multi_tickets": "3"
  },
  {
    "event_id": "3958225",
    "source": "oeticket",
    "ticket_id": "40213436",
    "section": null,
    "row": false,
    "price_with_fees": "€ 19.0",
    "price": "€ (20.0, 5)",
    "quantity": 8,
    "url": "https://www.oeticket.com/artist/kufsteiner-kulturprogramm/poetry-slam-show-mit-markus-koehle-3958225/",
    "multi_tickets": "1"
  },
  {
    "event_id": "3938350",
    "source": "oeticket",
    "ticket_id": "39943079",
    "section": null,
    "row": false,
    "price_with_fees": "€ 22.3",
    "price": "€ (23.3, 5)",
    "quantity": 8,
    "url": "https://www.oeticket.com/artist/kleines-theater/tagebuch-slam-3938350/",
    "multi_tickets": "1"
  },
  {
    "event_id": "3957775",
    "source": "oeticket",
    "ticket_id": "40132229",
    "section": null,
    "row": false,
    "price_with_fees": "€ 22.5",
    "price": "€ (23.5, 5)",
    "quantity": 8,
    "url": "https://www.oeticket.com/artist/herbsttage-blindenmarkt/unendlich-positiv-herbsttage-blindenmarkt-2025-3957775/",
    "multi_tickets": "1"
  },
  {
    "event_id": "3752029",
    "source": "oeticket",
    "ticket_id": null,
    "section": null,
    "row": null,
    "price_with_fees": "€ 22,00",
    "price": "€ 23.50",
    "quantity": null,
    "url": "https://www.oeticket.com/artist/wildstyle-tattoo-messe/",
    "multi_tickets": "1"
  },
  {
    "event_id": "2595524",
    "source": "oeticket",
    "ticket_id": "39621598",
    "section": null,
    "row": false,
    "price_with_fees": "€ 30.8",
    "price": "€ (31.8, 5)",
    "quantity": 8,
    "url": "https://www.oeticket.com/artist/christoph-strasser/christoph-strasser-der-weg-ist-weiter-als-das-ziel-2-0-2595524/",
    "multi_tickets": "3"
  },
  {
    "event_id": "2595524",
    "source": "oeticket",
    "ticket_id": "39621597",
    "section": null,
    "row": false,
    "price_with_fees": "€ 32.8",
    "price": "€ (33.8, 5)",
    "quantity": 8,
    "url": "https://www.oeticket.com/artist/christoph-strasser/christoph-strasser-der-weg-ist-weiter-als-das-ziel-2-0-2595524/",
    "multi_tickets": "3"
  },
  {
    "event_id": "2595524",
    "source": "oeticket",
    "ticket_id": "39621599",
    "section": null,
    "row": false,
    "price_with_fees": "€ 34.8",
    "price": "€ (35.8, 5)",
    "quantity": 8,
    "url": "https://www.oeticket.com/artist/christoph-strasser/christoph-strasser-der-weg-ist-weiter-als-das-ziel-2-0-2595524/",
    "multi_tickets": "3"
  },
  {
    "event_id": "3810757",
    "source": "oeticket",
    "ticket_id": null,
    "section": null,
    "row": null,
    "price_with_fees": "€ 15,00",
    "price": "€ 16.50",
    "quantity": null,
    "url": "https://www.oeticket.com/eventseries/impulse-fuer-kopf-und-herz-3810757/",
    "multi_tickets": "1"
  },
  {
    "event_id": "3950223",
    "source": "oeticket",
    "ticket_id": "40042623",
    "section": null,
    "row": false,
    "price_with_fees": "€ 21.0",
    "price": "€ (22.0, 5)",
    "quantity": 12,
    "url": "https://www.oeticket.com/artist/theater-im-neukloster/",
    "multi_tickets": "3"
  },
  {
    "event_id": "3950223",
    "source": "oeticket",
    "ticket_id": "40042622",
    "section": null,
    "row": false,
    "price_with_fees": "€ 30.5",
    "price": "€ (31.5, 5)",
    "quantity": 3,
    "url": "https://www.oeticket.com/artist/theater-im-neukloster/",
    "multi_tickets": "3"
  },
  {
    "event_id": "3950223",
    "source": "oeticket",
    "ticket_id": "40042624",
    "section": null,
    "row": false,
    "price_with_fees": "€ 14.0",
    "price": "€ (15.0, 5)",
    "quantity": 12,
    "url": "https://www.oeticket.com/artist/theater-im-neukloster/",
    "multi_tickets": "3"
  },
  {
    "event_id": "1415472",
    "source": "oeticket",
    "ticket_id": null,
    "section": null,
    "row": null,
    "price_with_fees": "€ 52,50",
    "price": "€ 54.00",
    "quantity": null,
    "url": "https://www.oeticket.com/artist/nxp-gutschein-lasertron/",
    "multi_tickets": "2"
  },
  {
    "event_id": "1415472",
    "source": "oeticket",
    "ticket_id": null,
    "section": null,
    "row": null,
    "price_with_fees": "€ 10,00",
    "price": "€ 11.50",
    "quantity": null,
    "url": "https://www.oeticket.com/artist/nxp-gutschein-lasertron/",
    "multi_tickets": "2"
  },
  {
    "event_id": "1404394",
    "source": "oeticket",
    "ticket_id": null,
    "section": null,
    "row": null,
    "price_with_fees": "€ 100,00",
    "price": "€ 101.50",
    "quantity": null,
    "url": "https://www.oeticket.com/eventseries/oeticket-wertgutschein-1404394/",
    "multi_tickets": "4"
  },
  {
    "event_id": "1404394",
    "source": "oeticket",
    "ticket_id": null,
    "section": null,
    "row": null,
    "price_with_fees": "€ 50,00",
    "price": "€ 51.50",
    "quantity": null,
    "url": "https://www.oeticket.com/eventseries/oeticket-wertgutschein-1404394/",
    "multi_tickets": "4"
  },
  {
    "event_id": "1404394",
    "source": "oeticket",
    "ticket_id": null,
    "section": null,
    "row": null,
    "price_with_fees": "€ 30,00",
    "price": "€ 31.50",
    "quantity": null,
    "url": "https://www.oeticket.com/eventseries/oeticket-wertgutschein-1404394/",
    "multi_tickets": "4"
  },
  {
    "event_id": "1404394",
    "source": "oeticket",
    "ticket_id": null,
    "section": null,
    "row": null,
    "price_with_fees": "€ 10,00",
    "price": "€ 11.50",
    "quantity": null,
    "url": "https://www.oeticket.com/eventseries/oeticket-wertgutschein-1404394/",
    "multi_tickets": "4"
  },
  {
    "event_id": "3952046",
    "source": "oeticket",
    "ticket_id": "40062207",
    "section": null,
    "row": false,
    "price_with_fees": "€ 175.0",
    "price": "€ (176.0, 5)",
    "quantity": 8,
    "url": "https://www.oeticket.com/eventseries/musical-brunch-im-le-meridien-vienna-3952046/",
    "multi_tickets": "4"
  },
  {
    "event_id": "3952046",
    "source": "oeticket",
    "ticket_id": "40062206",
    "section": null,
    "row": false,
    "price_with_fees": "€ 186.5",
    "price": "€ (187.5, 5)",
    "quantity": 8,
    "url": "https://www.oeticket.com/eventseries/musical-brunch-im-le-meridien-vienna-3952046/",
    "multi_tickets": "4"
  },
  {
    "event_id": "3952046",
    "source": "oeticket",
    "ticket_id": "40062209",
    "section": null,
    "row": false,
    "price_with_fees": "€ 198.0",
    "price": "€ (199.0, 5)",
    "quantity": 2,
    "url": "https://www.oeticket.com/eventseries/musical-brunch-im-le-meridien-vienna-3952046/",
    "multi_tickets": "4"
  },
  {
    "event_id": "3952046",
    "source": "oeticket",
    "ticket_id": "40062208",
    "section": null,
    "row": false,
    "price_with_fees": "€ 163.5",
    "price": "€ (164.5, 5)",
    "quantity": 8,
    "url": "https://www.oeticket.com/eventseries/musical-brunch-im-le-meridien-vienna-3952046/",
    "multi_tickets": "4"
  },
  {
    "event_id": "2613934",
    "source": "oeticket",
    "ticket_id": null,
    "section": null,
    "row": null,
    "price_with_fees": "€ 10,00",
    "price": "€ 11.50",
    "quantity": null,
    "url": "https://www.oeticket.com/eventseries/thermen-hotelgutschein-wellcard-2613934/",
    "multi_tickets": "3"
  },
  {
    "event_id": "2613934",
    "source": "oeticket",
    "ticket_id": null,
    "section": null,
    "row": null,
    "price_with_fees": "€ 50,00",
    "price": "€ 51.50",
    "quantity": null,
    "url": "https://www.oeticket.com/eventseries/thermen-hotelgutschein-wellcard-2613934/",
    "multi_tickets": "3"
  },
  {
    "event_id": "2613934",
    "source": "oeticket",
    "ticket_id": null,
    "section": null,
    "row": null,
    "price_with_fees": "€ 100,00",
    "price": "€ 101.50",
    "quantity": null,
    "url": "https://www.oeticket.com/eventseries/thermen-hotelgutschein-wellcard-2613934/",
    "multi_tickets": "3"
  },
  {
    "event_id": "3903542",
    "source": "oeticket",
    "ticket_id": null,
    "section": null,
    "row": null,
    "price_with_fees": "€ 25,00",
    "price": "€ 26.50",
    "quantity": null,
    "url": "https://www.oeticket.com/eventseries/trio-infernale-crime-in-concert-3903542/",
    "multi_tickets": "2"
  },
  {
    "event_id": "3903542",
    "source": "oeticket",
    "ticket_id": null,
    "section": null,
    "row": null,
    "price_with_fees": "€ 22,00",
    "price": "€ 23.50",
    "quantity": null,
    "url": "https://www.oeticket.com/eventseries/trio-infernale-crime-in-concert-3903542/",
    "multi_tickets": "2"
  },
  {
    "event_id": "3524185",
    "source": "oeticket",
    "ticket_id": null,
    "section": null,
    "row": null,
    "price_with_fees": "€ 71,50",
    "price": "€ 73.00",
    "quantity": null,
    "url": "https://www.oeticket.com/eventseries/dinner-in-the-dark-mit-ueberraschungsmenue-3524185/",
    "multi_tickets": "1"
  },
  {
    "event_id": "3610208",
    "source": "oeticket",
    "ticket_id": null,
    "section": null,
    "row": null,
    "price_with_fees": "€ 25,00",
    "price": "€ 26.50",
    "quantity": null,
    "url": "https://www.oeticket.com/eventseries/roaming-pedals-mit-dem-fahrrad-von-kapstadt-nach-wien-3610208/",
    "multi_tickets": "4"
  },
  {
    "event_id": "3610208",
    "source": "oeticket",
    "ticket_id": null,
    "section": null,
    "row": null,
    "price_with_fees": "€ 5,00",
    "price": "€ 6.50",
    "quantity": null,
    "url": "https://www.oeticket.com/eventseries/roaming-pedals-mit-dem-fahrrad-von-kapstadt-nach-wien-3610208/",
    "multi_tickets": "4"
  },
  {
    "event_id": "3610208",
    "source": "oeticket",
    "ticket_id": null,
    "section": null,
    "row": null,
    "price_with_fees": "€ 22,00",
    "price": "€ 23.50",
    "quantity": null,
    "url": "https://www.oeticket.com/eventseries/roaming-pedals-mit-dem-fahrrad-von-kapstadt-nach-wien-3610208/",
    "multi_tickets": "4"
  },
  {
    "event_id": "3610208",
    "source": "oeticket",
    "ticket_id": null,
    "section": null,
    "row": null,
    "price_with_fees": "€ 22,00",
    "price": "€ 23.50",
    "quantity": null,
    "url": "https://www.oeticket.com/eventseries/roaming-pedals-mit-dem-fahrrad-von-kapstadt-nach-wien-3610208/",
    "multi_tickets": "4"
  },
  {
    "event_id": "3863239",
    "source": "oeticket",
    "ticket_id": null,
    "section": null,
    "row": null,
    "price_with_fees": "€ 93,50",
    "price": "€ 95.00",
    "quantity": null,
    "url": "https://www.oeticket.com/artist/moerder-dinner/finden-sie-den-moerder-kriminalfall-mord-trifft-mord-3863239/",
    "multi_tickets": "1"
  },
  {
    "event_id": "3848588",
    "source": "oeticket",
    "ticket_id": null,
    "section": null,
    "row": null,
    "price_with_fees": "€ 71,50",
    "price": "€ 73.00",
    "quantity": null,
    "url": "https://www.oeticket.com/eventseries/raetseldinner-3848588/",
    "multi_tickets": "1"
  },
  {
    "event_id": "3827813",
    "source": "oeticket",
    "ticket_id": null,
    "section": null,
    "row": null,
    "price_with_fees": "€ 42,50",
    "price": "€ 44.00",
    "quantity": null,
    "url": "https://www.oeticket.com/eventseries/trueffelwanderung-2025-3827813/",
    "multi_tickets": "2"
  },
  {
    "event_id": "3827813",
    "source": "oeticket",
    "ticket_id": null,
    "section": null,
    "row": null,
    "price_with_fees": "€ 32,50",
    "price": "€ 34.00",
    "quantity": null,
    "url": "https://www.oeticket.com/eventseries/trueffelwanderung-2025-3827813/",
    "multi_tickets": "2"
  },
  {
    "event_id": "3780059",
    "source": "oeticket",
    "ticket_id": null,
    "section": null,
    "row": null,
    "price_with_fees": "€ 97,50",
    "price": "€ 99.00",
    "quantity": null,
    "url": "https://www.oeticket.com/artist/graz-tourismus/kulinarische-rundgaenge-2025-3780059/",
    "multi_tickets": "1"
  }
]